param,value,total,holding,ordering,shortage,order_miss_penalty,sum_Q,sum_SS,sum_ROP,convergence_sec,pop,gens,kmax,ls_max_iters,seed,svc,lt_fac,bfac,logc,delta_total,delta_holding,delta_ordering,delta_shortage,delta_order_miss_penalty,delta_sum_Q,delta_sum_SS,delta_sum_ROP,Method
service_level,0.8,"174,794,093.47","100,536,980.84","63,189,037.63","11,068,075.00",0.00,2529,16867,44156.33611,66.916614,120,300,2,5,123,0.8416,1,1,1,0,0,0,0,0,0,0,0,GA
service_level,0.82,"174,794,093.47","100,536,980.84","63,189,037.63","11,068,075.00",0.00,2529,16867,44156.33611,46.2798567,120,300,2,5,123,0.919,1,1,1,0,0,0,0,0,0,0,0,GA
service_level,0.85,"174,794,093.47","100,536,980.84","63,189,037.63","11,068,075.00",0.00,2529,16867,44156.33611,50.5444087,120,300,2,5,123,1.0364,1,1,1,0,0,0,0,0,0,0,0,GA
service_level,0.88,"174,794,093.47","100,536,980.84","63,189,037.63","11,068,075.00",0.00,2529,16867,44156.33611,54.6191283,120,300,2,5,123,1.175,1,1,1,0,0,0,0,0,0,0,0,GA
service_level,0.9,"174,794,093.47","100,536,980.84","63,189,037.63","11,068,075.00",0.00,2529,16867,44156.33611,53.4898477,120,300,2,5,123,1.2816,1,1,1,0,0,0,0,0,0,0,0,GA
service_level,0.92,"174,794,093.47","100,536,980.84","63,189,037.63","11,068,075.00",0.00,2529,16867,44156.33611,33.3801765,120,300,2,5,123,1.4051,1,1,1,0,0,0,0,0,0,0,0,GA
service_level,0.95,"174,794,093.47","100,536,980.84","63,189,037.63","11,068,075.00",0.00,2529,16867,44156.33611,22.7109618,120,300,2,5,123,1.6449,1,1,1,0,0,0,0,0,0,0,0,GA
service_level,0.98,"175,059,343.47","101,341,416.84","63,189,037.63","10,528,889.00",0.00,2529,16869,44158.33611,28.2641549,120,300,2,5,123,2.0537,1,1,1,265250,804436,0,-539186,0,0,2,2,GA
lt_factor,0.25,"174,794,093.47","100,536,980.84","63,189,037.63","11,068,075.00",0.00,2529,16867,23689.33403,32.1322601,120,300,2,5,123,1.2816,0.25,1,1,0,0,0,0,0,0,0,-20467.00208,GA
lt_factor,0.5,"174,794,093.47","100,536,980.84","63,189,037.63","11,068,075.00",0.00,2529,16867,30511.66806,28.805665,120,300,2,5,123,1.2816,0.5,1,1,0,0,0,0,0,0,0,-13644.66806,GA
lt_factor,0.75,"174,794,093.47","100,536,980.84","63,189,037.63","11,068,075.00",0.00,2529,16867,37334.00208,26.6564462,120,300,2,5,123,1.2816,0.75,1,1,0,0,0,0,0,0,0,-6822.334028,GA
lt_factor,1,"174,794,093.47","100,536,980.84","63,189,037.63","11,068,075.00",0.00,2529,16867,44156.33611,33.7775951,120,300,2,5,123,1.2816,1,1,1,0,0,0,0,0,0,0,0,GA
lt_factor,1.25,"174,794,093.47","100,536,980.84","63,189,037.63","11,068,075.00",0.00,2529,16867,50978.67014,27.6176638,120,300,2,5,123,1.2816,1.25,1,1,0,0,0,0,0,0,0,6822.334028,GA
lt_factor,1.5,"174,794,093.47","100,536,980.84","63,189,037.63","11,068,075.00",0.00,2529,16867,57801.00417,24.4610436,120,300,2,5,123,1.2816,1.5,1,1,0,0,0,0,0,0,0,13644.66806,GA
lt_factor,1.75,"174,794,093.47","100,536,980.84","63,189,037.63","11,068,075.00",0.00,2529,16867,64623.33819,24.694438,120,300,2,5,123,1.2816,1.75,1,1,0,0,0,0,0,0,0,20467.00208,GA
budget_factor,1,"174,794,093.47","100,536,980.84","63,189,037.63","11,068,075.00",0.00,2529,16867,44156.33611,23.907495,120,300,2,5,123,1.2816,1,1,1,0,0,0,0,0,0,0,0,GA
budget_factor,1.2,"174,399,017.47","100,920,760.84","63,189,037.63","10,289,219.00",0.00,2529,16942,44231.33611,23.1109831,120,300,2,5,123,1.2816,1,1.2,1,-395076,383780,0,-778856,0,0,75,75,GA
budget_factor,1.5,"174,755,696.47","100,607,438.84","63,189,037.63","10,959,220.00",0.00,2529,16876,44165.33611,22.5164265,120,300,2,5,123,1.2816,1,1.5,1,-38397,70458,0,-108855,0,0,9,9,GA
budget_factor,1.7,"174,755,696.47","100,607,438.84","63,189,037.63","10,959,220.00",0.00,2529,16876,44165.33611,25.3694801,120,300,2,5,123,1.2816,1,1.7,1,-38397,70458,0,-108855,0,0,9,9,GA
budget_factor,2,"174,755,696.47","100,607,438.84","63,189,037.63","10,959,220.00",0.00,2529,16876,44165.33611,29.6190892,120,300,2,5,123,1.2816,1,2,1,-38397,70458,0,-108855,0,0,9,9,GA
log_cost,1,"174,794,093.47","100,536,980.84","63,189,037.63","11,068,075.00",0.00,2529,16867,44156.33611,24.940783,120,300,2,5,123,1.2816,1,1,1,0,0,0,0,0,0,0,0,GA
log_cost,1.1,"184,856,090.05","110,500,242.42","63,189,037.63","11,166,810.00",0.00,2529,16832,44121.33611,29.8741465,120,300,2,5,123,1.2816,1,1,1.1,10061996.58,9963261.584,0,98735,0,0,-35,-35,GA
log_cost,1.2,"194,896,561.63","120,468,733.01","63,189,037.63","11,238,791.00",0.00,2529,16819,44108.33611,29.4585182,120,300,2,5,123,1.2816,1,1,1.2,20102468.17,19931752.17,0,170716,0,0,-48,-48,GA
log_cost,1.3,"204,935,622.72","130,507,794.09","63,189,037.63","11,238,791.00",0.00,2529,16819,44108.33611,43.0161846,120,300,2,5,123,1.2816,1,1,1.3,30141529.25,29970813.25,0,170716,0,0,-48,-48,GA
log_cost,1.4,"214,974,683.80","140,546,855.18","63,189,037.63","11,238,791.00",0.00,2529,16819,44108.33611,27.094242,120,300,2,5,123,1.2816,1,1,1.4,40180590.34,40009874.34,0,170716,0,0,-48,-48,GA
log_cost,1.5,"225,013,744.89","150,585,916.26","63,189,037.63","11,238,791.00",0.00,2529,16819,44108.33611,40.7157381,120,300,2,5,123,1.2816,1,1,1.5,50219651.42,50048935.42,0,170716,0,0,-48,-48,GA
pop_size,40,"174,830,648.35","100,387,329.63","63,204,527.72","11,238,791.00",0.00,2494,16819,44108.33611,8.6919231,40,300,2,5,123,1.2816,1,1,1,36554.87938,-149651.2109,15490.09027,170716,0,-35,-48,-48,GA
pop_size,80,"174,810,613.47","100,454,765.84","63,189,037.63","11,166,810.00",0.00,2529,16832,44121.33611,16.0393609,80,300,2,5,123,1.2816,1,1,1,16520,-82215,0,98735,0,0,-35,-35,GA
pop_size,120,"174,794,093.47","100,536,980.84","63,189,037.63","11,068,075.00",0.00,2529,16867,44156.33611,26.3960122,120,300,2,5,123,1.2816,1,1,1,0,0,0,0,0,0,0,0,GA
pop_size,160,"174,810,613.47","100,454,765.84","63,189,037.63","11,166,810.00",0.00,2529,16832,44121.33611,34.7729753,160,300,2,5,123,1.2816,1,1,1,16520,-82215,0,98735,0,0,-35,-35,GA
pop_size,200,"174,794,093.47","100,536,980.84","63,189,037.63","11,068,075.00",0.00,2529,16867,44156.33611,42.4728733,200,300,2,5,123,1.2816,1,1,1,0,0,0,0,0,0,0,0,GA
iterations,100,"174,801,919.47","100,472,825.84","63,189,037.63","11,140,056.00",0.00,2529,16854,44143.33611,9.7149064,120,100,2,5,123,1.2816,1,1,1,7826,-64155,0,71981,0,0,-13,-13,GA
iterations,200,"174,794,093.47","100,536,980.84","63,189,037.63","11,068,075.00",0.00,2529,16867,44156.33611,15.2170834,120,200,2,5,123,1.2816,1,1,1,0,0,0,0,0,0,0,0,GA
iterations,300,"174,794,093.47","100,536,980.84","63,189,037.63","11,068,075.00",0.00,2529,16867,44156.33611,22.9387749,120,300,2,5,123,1.2816,1,1,1,0,0,0,0,0,0,0,0,GA
iterations,400,"174,794,093.47","100,536,980.84","63,189,037.63","11,068,075.00",0.00,2529,16867,44156.33611,31.9887052,120,400,2,5,123,1.2816,1,1,1,0,0,0,0,0,0,0,0,GA
iterations,500,"174,794,093.47","100,536,980.84","63,189,037.63","11,068,075.00",0.00,2529,16867,44156.33611,42.7880384,120,500,2,5,123,1.2816,1,1,1,0,0,0,0,0,0,0,0,GA
neighborhood_kmax,2,"174,794,093.47","100,536,980.84","63,189,037.63","11,068,075.00",0.00,2529,16867,44156.33611,29.324836,120,300,2,5,123,1.2816,1,1,1,0,0,0,0,0,0,0,0,GA
neighborhood_kmax,3,"174,794,093.47","100,536,980.84","63,189,037.63","11,068,075.00",0.00,2529,16867,44156.33611,26.9842983,120,300,3,5,123,1.2816,1,1,1,0,0,0,0,0,0,0,0,GA
neighborhood_kmax,5,"174,794,093.47","100,536,980.84","63,189,037.63","11,068,075.00",0.00,2529,16867,44156.33611,29.8757654,120,300,5,5,123,1.2816,1,1,1,0,0,0,0,0,0,0,0,GA
neighborhood_kmax,7,"174,794,093.47","100,536,980.84","63,189,037.63","11,068,075.00",0.00,2529,16867,44156.33611,25.8361846,120,300,7,5,123,1.2816,1,1,1,0,0,0,0,0,0,0,0,GA
neighborhood_kmax,9,"174,794,093.47","100,536,980.84","63,189,037.63","11,068,075.00",0.00,2529,16867,44156.33611,29.4441615,120,300,9,5,123,1.2816,1,1,1,0,0,0,0,0,0,0,0,GA
neighborhood_kmax,11,"174,794,093.47","100,536,980.84","63,189,037.63","11,068,075.00",0.00,2529,16867,44156.33611,30.6169848,120,300,11,5,123,1.2816,1,1,1,0,0,0,0,0,0,0,0,GA
ls_max_iters,2,"174,794,093.47","100,536,980.84","63,189,037.63","11,068,075.00",0.00,2529,16867,44156.33611,28.9697331,120,300,2,2,123,1.2816,1,1,1,0,0,0,0,0,0,0,0,GA
ls_max_iters,5,"174,794,093.47","100,536,980.84","63,189,037.63","11,068,075.00",0.00,2529,16867,44156.33611,35.7633733,120,300,2,5,123,1.2816,1,1,1,0,0,0,0,0,0,0,0,GA
ls_max_iters,10,"174,794,093.47","100,536,980.84","63,189,037.63","11,068,075.00",0.00,2529,16867,44156.33611,32.7335046,120,300,2,10,123,1.2816,1,1,1,0,0,0,0,0,0,0,0,GA
ls_max_iters,20,"174,794,093.47","100,536,980.84","63,189,037.63","11,068,075.00",0.00,2529,16867,44156.33611,32.6118402,120,300,2,20,123,1.2816,1,1,1,0,0,0,0,0,0,0,0,GA
ls_max_iters,50,"174,794,093.47","100,536,980.84","63,189,037.63","11,068,075.00",0.00,2529,16867,44156.33611,28.0313734,120,300,2,50,123,1.2816,1,1,1,0,0,0,0,0,0,0,0,GA
ls_max_iters,80,"174,794,093.47","100,536,980.84","63,189,037.63","11,068,075.00",0.00,2529,16867,44156.33611,23.4852062,120,300,2,80,123,1.2816,1,1,1,0,0,0,0,0,0,0,0,GA
ls_max_iters,120,"174,794,093.47","100,536,980.84","63,189,037.63","11,068,075.00",0.00,2529,16867,44156.33611,21.8200911,120,300,2,120,123,1.2816,1,1,1,0,0,0,0,0,0,0,0,GA
seed,42,"174,792,121.47","100,487,217.84","63,189,037.63","11,115,866.00",0.00,2529,16856,44145.33611,23.6859726,120,300,2,5,42,1.2816,1,1,1,-1972,-49763,0,47791,0,0,-11,-11,GA
seed,99,"174,795,817.47","100,528,231.84","63,189,037.63","11,078,548.00",0.00,2529,16860,44149.33611,24.912231,120,300,2,5,99,1.2816,1,1,1,1724,-8749,0,10473,0,0,-7,-7,GA
seed,123,"174,794,093.47","100,536,980.84","63,189,037.63","11,068,075.00",0.00,2529,16867,44156.33611,118.5714833,120,300,2,5,123,1.2816,1,1,1,0,0,0,0,0,0,0,0,GA
seed,147,"174,787,824.35","100,590,480.63","63,204,527.72","10,992,816.00",0.00,2494,16863,44152.33611,106.9173662,120,300,2,5,147,1.2816,1,1,1,-6269.120621,53499.78911,15490.09027,-75259,0,-35,-4,-4,GA
seed,171,"174,794,093.47","100,536,980.84","63,189,037.63","11,068,075.00",0.00,2529,16867,44156.33611,51.1000627,120,300,2,5,171,1.2816,1,1,1,0,0,0,0,0,0,0,0,GA
service_level,0.8,"173,907,697.47","102,587,070.84","63,189,037.63","8,131,589.00",0.00,2529,17159,45452.57222,34.2673768,120,300,2,5,123,0.8416,1,1,1,0,0,0,0,0,0,0,0,HGA-VNS
service_level,0.82,"173,907,697.47","102,587,070.84","63,189,037.63","8,131,589.00",0.00,2529,17159,45452.57222,28.1875307,120,300,2,5,123,0.919,1,1,1,0,0,0,0,0,0,0,0,HGA-VNS
service_level,0.85,"173,907,697.47","102,587,070.84","63,189,037.63","8,131,589.00",0.00,2529,17159,45452.57222,36.4712641,120,300,2,5,123,1.0364,1,1,1,0,0,0,0,0,0,0,0,HGA-VNS
service_level,0.88,"173,907,697.47","102,587,070.84","63,189,037.63","8,131,589.00",0.00,2529,17159,45452.57222,49.0829231,120,300,2,5,123,1.175,1,1,1,0,0,0,0,0,0,0,0,HGA-VNS
service_level,0.9,"173,907,697.47","102,587,070.84","63,189,037.63","8,131,589.00",0.00,2529,17159,45452.57222,176.8052928,120,300,2,5,123,1.2816,1,1,1,0,0,0,0,0,0,0,0,HGA-VNS
service_level,0.92,"173,907,697.47","102,587,070.84","63,189,037.63","8,131,589.00",0.00,2529,17159,45452.57222,60.2561427,120,300,2,5,123,1.4051,1,1,1,0,0,0,0,0,0,0,0,HGA-VNS
service_level,0.95,"173,907,697.47","102,587,070.84","63,189,037.63","8,131,589.00",0.00,2529,17159,45452.57222,59.0756846,120,300,2,5,123,1.6449,1,1,1,0,0,0,0,0,0,0,0,HGA-VNS
service_level,0.98,"174,172,947.47","103,391,506.84","63,189,037.63","7,592,403.00",0.00,2529,17161,45454.57222,43.8985612,120,300,2,5,123,2.0537,1,1,1,265250,804436,0,-539186,0,0,2,2,HGA-VNS
lt_factor,0.25,"173,907,697.47","102,587,070.84","63,189,037.63","8,131,589.00",0.00,2529,17159,24232.39306,66.762874,120,300,2,5,123,1.2816,0.25,1,1,0,0,0,0,0,0,0,-21220.17917,HGA-VNS
lt_factor,0.5,"173,907,697.47","102,587,070.84","63,189,037.63","8,131,589.00",0.00,2529,17159,31305.78611,57.4504383,120,300,2,5,123,1.2816,0.5,1,1,0,0,0,0,0,0,0,-14146.78611,HGA-VNS
lt_factor,0.75,"173,907,697.47","102,587,070.84","63,189,037.63","8,131,589.00",0.00,2529,17159,38379.17917,37.8554788,120,300,2,5,123,1.2816,0.75,1,1,0,0,0,0,0,0,0,-7073.393056,HGA-VNS
lt_factor,1,"173,907,697.47","102,587,070.84","63,189,037.63","8,131,589.00",0.00,2529,17159,45452.57222,22.5210046,120,300,2,5,123,1.2816,1,1,1,0,0,0,0,0,0,0,0,HGA-VNS
lt_factor,1.25,"173,907,697.47","102,587,070.84","63,189,037.63","8,131,589.00",0.00,2529,17159,52525.96528,29.1648043,120,300,2,5,123,1.2816,1.25,1,1,0,0,0,0,0,0,0,7073.393056,HGA-VNS
lt_factor,1.5,"173,907,697.47","102,587,070.84","63,189,037.63","8,131,589.00",0.00,2529,17159,59599.35833,33.5994956,120,300,2,5,123,1.2816,1.5,1,1,0,0,0,0,0,0,0,14146.78611,HGA-VNS
lt_factor,1.75,"173,907,697.47","102,587,070.84","63,189,037.63","8,131,589.00",0.00,2529,17159,66672.75139,30.141015,120,300,2,5,123,1.2816,1.75,1,1,0,0,0,0,0,0,0,21220.17917,HGA-VNS
budget_factor,1,"173,907,697.47","102,587,070.84","63,189,037.63","8,131,589.00",0.00,2529,17159,45452.57222,27.0376303,120,300,2,5,123,1.2816,1,1,1,0,0,0,0,0,0,0,0,HGA-VNS
budget_factor,1.2,"173,855,806.47","102,813,834.84","63,189,037.63","7,852,934.00",0.00,2529,17194,45487.57222,34.5512096,120,300,2,5,123,1.2816,1,1.2,1,-51891,226764,0,-278655,0,0,35,35,HGA-VNS
budget_factor,1.5,"173,839,906.47","102,700,704.84","63,189,037.63","7,950,164.00",0.00,2529,17174,45467.57222,28.4262527,120,300,2,5,123,1.2816,1,1.5,1,-67791,113634,0,-181425,0,0,15,15,HGA-VNS
budget_factor,1.7,"173,839,906.47","102,700,704.84","63,189,037.63","7,950,164.00",0.00,2529,17174,45467.57222,25.8395698,120,300,2,5,123,1.2816,1,1.7,1,-67791,113634,0,-181425,0,0,15,15,HGA-VNS
budget_factor,2,"173,839,906.47","102,700,704.84","63,189,037.63","7,950,164.00",0.00,2529,17174,45467.57222,25.4950776,120,300,2,5,123,1.2816,1,2,1,-67791,113634,0,-181425,0,0,15,15,HGA-VNS
log_cost,1,"173,907,697.47","102,587,070.84","63,189,037.63","8,131,589.00",0.00,2529,17159,45452.57222,25.4183056,120,300,2,5,123,1.2816,1,1,1,0,0,0,0,0,0,0,0,HGA-VNS
log_cost,1.1,"184,150,411.65","112,873,059.02","63,189,037.63","8,088,315.00",0.00,2529,17167,45460.57222,24.2307852,120,300,2,5,123,1.2816,1,1,1.1,10242714.18,10285988.18,0,-43274,0,0,8,8,HGA-VNS
log_cost,1.2,"194,406,593.83","123,057,260.21","63,189,037.63","8,160,296.00",0.00,2529,17154,45447.57222,25.1957541,120,300,2,5,123,1.2816,1,1,1.2,20498896.37,20470189.37,0,28707,0,0,-5,-5,HGA-VNS
log_cost,1.3,"204,561,605.92","131,028,293.29","63,189,037.63","10,344,275.00",0.00,2529,16911,45204.57222,27.9499003,120,300,2,5,123,1.2816,1,1,1.3,30653908.45,28441222.45,0,2212686,0,0,-248,-248,HGA-VNS
log_cost,1.4,"214,640,705.40","141,107,392.78","63,189,037.63","10,344,275.00",0.00,2529,16911,45204.57222,27.6122815,120,300,2,5,123,1.2816,1,1,1.4,40733007.94,38520321.94,0,2212686,0,0,-248,-248,HGA-VNS
log_cost,1.5,"224,719,804.89","151,186,492.26","63,189,037.63","10,344,275.00",0.00,2529,16911,45204.57222,28.7221866,120,300,2,5,123,1.2816,1,1,1.5,50812107.42,48599421.42,0,2212686,0,0,-248,-248,HGA-VNS
pop_size,40,"173,913,163.47","102,534,660.84","63,189,037.63","8,189,465.00",0.00,2529,17151,45444.57222,11.4675491,40,300,2,5,123,1.2816,1,1,1,5466,-52410,0,57876,0,0,-8,-8,HGA-VNS
pop_size,80,"173,935,593.47","102,477,047.84","63,189,037.63","8,269,508.00",0.00,2529,17160,45453.57222,22.4063657,80,300,2,5,123,1.2816,1,1,1,27896,-110023,0,137919,0,0,1,1,HGA-VNS
pop_size,120,"173,907,697.47","102,587,070.84","63,189,037.63","8,131,589.00",0.00,2529,17159,45452.57222,36.3814435,120,300,2,5,123,1.2816,1,1,1,0,0,0,0,0,0,0,0,HGA-VNS
pop_size,160,"173,922,658.47","102,511,841.84","63,189,037.63","8,221,779.00",0.00,2529,17162,45455.57222,43.6124722,160,300,2,5,123,1.2816,1,1,1,14961,-75229,0,90190,0,0,3,3,HGA-VNS
pop_size,200,"173,918,047.47","102,521,988.84","63,189,037.63","8,207,021.00",0.00,2529,17139,45432.57222,58.536119,200,300,2,5,123,1.2816,1,1,1,10350,-65082,0,75432,0,0,-20,-20,HGA-VNS
iterations,100,"173,930,627.47","102,447,747.84","63,189,037.63","8,293,842.00",0.00,2529,17114,45407.57222,9.3610413,120,100,2,5,123,1.2816,1,1,1,22930,-139323,0,162253,0,0,-45,-45,HGA-VNS
iterations,200,"173,907,697.47","102,587,070.84","63,189,037.63","8,131,589.00",0.00,2529,17159,45452.57222,18.9348186,120,200,2,5,123,1.2816,1,1,1,0,0,0,0,0,0,0,0,HGA-VNS
iterations,300,"173,907,697.47","102,587,070.84","63,189,037.63","8,131,589.00",0.00,2529,17159,45452.57222,25.6395231,120,300,2,5,123,1.2816,1,1,1,0,0,0,0,0,0,0,0,HGA-VNS
iterations,400,"173,907,697.47","102,587,070.84","63,189,037.63","8,131,589.00",0.00,2529,17159,45452.57222,35.043932,120,400,2,5,123,1.2816,1,1,1,0,0,0,0,0,0,0,0,HGA-VNS
iterations,500,"173,907,697.47","102,587,070.84","63,189,037.63","8,131,589.00",0.00,2529,17159,45452.57222,44.2766149,120,500,2,5,123,1.2816,1,1,1,0,0,0,0,0,0,0,0,HGA-VNS
neighborhood_kmax,2,"173,907,697.47","102,587,070.84","63,189,037.63","8,131,589.00",0.00,2529,17159,45452.57222,24.6500995,120,300,2,5,123,1.2816,1,1,1,0,0,0,0,0,0,0,0,HGA-VNS
neighborhood_kmax,3,"173,907,697.47","102,587,070.84","63,189,037.63","8,131,589.00",0.00,2529,17159,45452.57222,25.9317385,120,300,3,5,123,1.2816,1,1,1,0,0,0,0,0,0,0,0,HGA-VNS
neighborhood_kmax,5,"173,907,697.47","102,587,070.84","63,189,037.63","8,131,589.00",0.00,2529,17159,45452.57222,25.8341062,120,300,5,5,123,1.2816,1,1,1,0,0,0,0,0,0,0,0,HGA-VNS
neighborhood_kmax,7,"173,907,697.47","102,587,070.84","63,189,037.63","8,131,589.00",0.00,2529,17159,45452.57222,28.8638564,120,300,7,5,123,1.2816,1,1,1,0,0,0,0,0,0,0,0,HGA-VNS
neighborhood_kmax,9,"173,907,697.47","102,587,070.84","63,189,037.63","8,131,589.00",0.00,2529,17159,45452.57222,31.9569057,120,300,9,5,123,1.2816,1,1,1,0,0,0,0,0,0,0,0,HGA-VNS
neighborhood_kmax,11,"173,884,451.47","102,661,054.84","63,189,037.63","8,034,359.00",0.00,2529,17176,45469.57222,29.3383074,120,300,11,5,123,1.2816,1,1,1,-23246,73984,0,-97230,0,0,17,17,HGA-VNS
ls_max_iters,2,"173,964,409.47","102,348,042.84","63,189,037.63","8,427,329.00",0.00,2529,17129,45422.57222,32.5123666,120,300,2,2,123,1.2816,1,1,1,56712,-239028,0,295740,0,0,-30,-30,HGA-VNS
ls_max_iters,5,"173,907,697.47","102,587,070.84","63,189,037.63","8,131,589.00",0.00,2529,17159,45452.57222,26.4730993,120,300,2,5,123,1.2816,1,1,1,0,0,0,0,0,0,0,0,HGA-VNS
ls_max_iters,10,"173,907,697.47","102,587,070.84","63,189,037.63","8,131,589.00",0.00,2529,17159,45452.57222,31.6366377,120,300,2,10,123,1.2816,1,1,1,0,0,0,0,0,0,0,0,HGA-VNS
ls_max_iters,20,"173,907,697.47","102,587,070.84","63,189,037.63","8,131,589.00",0.00,2529,17159,45452.57222,31.3351439,120,300,2,20,123,1.2816,1,1,1,0,0,0,0,0,0,0,0,HGA-VNS
ls_max_iters,50,"173,907,697.47","102,587,070.84","63,189,037.63","8,131,589.00",0.00,2529,17159,45452.57222,32.8392428,120,300,2,50,123,1.2816,1,1,1,0,0,0,0,0,0,0,0,HGA-VNS
ls_max_iters,80,"173,907,697.47","102,587,070.84","63,189,037.63","8,131,589.00",0.00,2529,17159,45452.57222,39.6086307,120,300,2,80,123,1.2816,1,1,1,0,0,0,0,0,0,0,0,HGA-VNS
ls_max_iters,120,"173,907,697.47","102,587,070.84","63,189,037.63","8,131,589.00",0.00,2529,17159,45452.57222,29.1505219,120,300,2,120,123,1.2816,1,1,1,0,0,0,0,0,0,0,0,HGA-VNS
seed,42,"173,916,515.47","102,567,844.84","63,189,037.63","8,159,633.00",0.00,2529,17161,45454.57222,34.5237037,120,300,2,5,42,1.2816,1,1,1,8818,-19226,0,28044,0,0,2,2,HGA-VNS
seed,99,"173,911,747.47","102,553,172.84","63,189,037.63","8,169,537.00",0.00,2529,17149,45442.57222,24.4985147,120,300,2,5,99,1.2816,1,1,1,4050,-33898,0,37948,0,0,-10,-10,HGA-VNS
seed,123,"173,907,697.47","102,587,070.84","63,189,037.63","8,131,589.00",0.00,2529,17159,45452.57222,23.2987352,120,300,2,5,123,1.2816,1,1,1,0,0,0,0,0,0,0,0,HGA-VNS
seed,147,"173,916,769.47","102,668,718.84","63,189,037.63","8,059,013.00",0.00,2529,17181,45474.57222,24.4110823,120,300,2,5,147,1.2816,1,1,1,9072,81648,0,-72576,0,0,22,22,HGA-VNS
seed,171,"173,900,438.47","102,606,011.84","63,189,037.63","8,105,389.00",0.00,2529,17165,45458.57222,25.8702131,120,300,2,5,171,1.2816,1,1,1,-7259,18941,0,-26200,0,0,6,6,HGA-VNS
service_level,0.8,"201,882,263.70","99,453,418.03","89,723,552.30","12,705,293.38",0.00,1992,16734,44023.33611,0.457772,120,300,2,5,123,0.8416,1,1,1,0,0,0,0,0,0,0,0,VNS
service_level,0.82,"201,882,263.70","99,453,418.03","89,723,552.30","12,705,293.38",0.00,1992,16734,44023.33611,0.3675438,120,300,2,5,123,0.919,1,1,1,0,0,0,0,0,0,0,0,VNS
service_level,0.85,"201,882,263.70","99,453,418.03","89,723,552.30","12,705,293.38",0.00,1992,16734,44023.33611,0.3934439,120,300,2,5,123,1.0364,1,1,1,0,0,0,0,0,0,0,0,VNS
service_level,0.88,"201,882,263.70","99,453,418.03","89,723,552.30","12,705,293.38",0.00,1992,16734,44023.33611,1.5982831,120,300,2,5,123,1.175,1,1,1,0,0,0,0,0,0,0,0,VNS
service_level,0.9,"201,882,263.70","99,453,418.03","89,723,552.30","12,705,293.38",0.00,1992,16734,44023.33611,0.8963959,120,300,2,5,123,1.2816,1,1,1,0,0,0,0,0,0,0,0,VNS
service_level,0.92,"201,882,263.70","99,453,418.03","89,723,552.30","12,705,293.38",0.00,1992,16734,44023.33611,0.6914202,120,300,2,5,123,1.4051,1,1,1,0,0,0,0,0,0,0,0,VNS
service_level,0.95,"201,882,263.70","99,453,418.03","89,723,552.30","12,705,293.38",0.00,1992,16734,44023.33611,0.5613998,120,300,2,5,123,1.6449,1,1,1,0,0,0,0,0,0,0,0,VNS
service_level,0.98,"685,634,903.84","99,450,324.31","89,749,673.72","12,709,005.84",0.00,1959,16734,44023.33611,0.6195918,120,300,2,5,123,2.0537,1,1,1,483752640.1,-3093.713123,26121.4266,3712.455747,0,-33,0,0,VNS
lt_factor,0.25,"201,882,263.70","99,453,418.03","89,723,552.30","12,705,293.38",0.00,1992,16734,23556.33403,0.5312281,120,300,2,5,123,1.2816,0.25,1,1,0,0,0,0,0,0,0,-20467.00208,VNS
lt_factor,0.5,"201,882,263.70","99,453,418.03","89,723,552.30","12,705,293.38",0.00,1992,16734,30378.66806,0.5734511,120,300,2,5,123,1.2816,0.5,1,1,0,0,0,0,0,0,0,-13644.66806,VNS
lt_factor,0.75,"201,882,263.70","99,453,418.03","89,723,552.30","12,705,293.38",0.00,1992,16734,37201.00208,0.5155062,120,300,2,5,123,1.2816,0.75,1,1,0,0,0,0,0,0,0,-6822.334028,VNS
lt_factor,1,"201,882,263.70","99,453,418.03","89,723,552.30","12,705,293.38",0.00,1992,16734,44023.33611,0.5647208,120,300,2,5,123,1.2816,1,1,1,0,0,0,0,0,0,0,0,VNS
lt_factor,1.25,"201,882,263.70","99,453,418.03","89,723,552.30","12,705,293.38",0.00,1992,16734,50845.67014,0.7564793,120,300,2,5,123,1.2816,1.25,1,1,0,0,0,0,0,0,0,6822.334028,VNS
lt_factor,1.5,"201,882,263.70","99,453,418.03","89,723,552.30","12,705,293.38",0.00,1992,16734,57668.00417,0.7365083,120,300,2,5,123,1.2816,1.5,1,1,0,0,0,0,0,0,0,13644.66806,VNS
lt_factor,1.75,"201,882,263.70","99,453,418.03","89,723,552.30","12,705,293.38",0.00,1992,16734,64490.33819,0.6443616,120,300,2,5,123,1.2816,1.75,1,1,0,0,0,0,0,0,0,20467.00208,VNS
budget_factor,1,"201,882,263.70","99,453,418.03","89,723,552.30","12,705,293.38",0.00,1992,16734,44023.33611,0.5391251,120,300,2,5,123,1.2816,1,1,1,0,0,0,0,0,0,0,0,VNS
budget_factor,1.2,"187,313,988.16","99,842,061.13","74,871,524.03","12,600,403.00",0.00,2310,16739,44028.33611,4.8703851,120,300,2,5,123,1.2816,1,1.2,1,-14568275.55,388643.1014,-14852028.27,-104890.3807,0,318,5,5,VNS
budget_factor,1.5,"217,434,488.48","100,645,826.91","105,083,759.56","11,704,902.00",0.00,2277,16816,44105.33611,4.1756197,120,300,2,5,123,1.2816,1,1.5,1,15552224.77,1192408.888,15360207.27,-1000391.381,0,285,82,82,VNS
budget_factor,1.7,"217,434,488.48","100,645,826.91","105,083,759.56","11,704,902.00",0.00,2277,16816,44105.33611,4.3085132,120,300,2,5,123,1.2816,1,1.7,1,15552224.77,1192408.888,15360207.27,-1000391.381,0,285,82,82,VNS
budget_factor,2,"217,434,488.48","100,645,826.91","105,083,759.56","11,704,902.00",0.00,2277,16816,44105.33611,3.9822144,120,300,2,5,123,1.2816,1,2,1,15552224.77,1192408.888,15360207.27,-1000391.381,0,285,82,82,VNS
log_cost,1,"201,882,263.70","99,453,418.03","89,723,552.30","12,705,293.38",0.00,1992,16734,44023.33611,0.6105836,120,300,2,5,123,1.2816,1,1,1,0,0,0,0,0,0,0,0,VNS
log_cost,1.1,"211,827,605.50","109,398,759.83","89,723,552.30","12,705,293.38",0.00,1992,16734,44023.33611,1.1054286,120,300,2,5,123,1.2816,1,1,1.1,9945341.803,9945341.803,0,0,0,0,0,0,VNS
log_cost,1.2,"1,000,158,968,704.13","119,567,701.70","27,005,002.44","12,396,000.00","1,000,000,000,000.00",2367,16780,44069.33611,1.2268632,120,300,2,5,123,1.2816,1,1,1.2,9.99957E+11,20114283.67,-62718549.86,-309293.3807,1E+12,375,46,46,VNS
log_cost,1.3,"1,000,172,817,724.88","129,401,916.04","30,932,443.85","12,483,365.00","1,000,000,000,000.00",2367,16762,44051.33611,1.5144647,120,300,2,5,123,1.2816,1,1,1.3,9.99971E+11,29948498.01,-58791108.45,-221928.3807,1E+12,375,28,28,VNS
log_cost,1.4,"1,000,182,771,718.42","139,355,909.58","30,932,443.85","12,483,365.00","1,000,000,000,000.00",2367,16762,44051.33611,1.2195331,120,300,2,5,123,1.2816,1,1,1.4,9.99981E+11,39902491.55,-58791108.45,-221928.3807,1E+12,375,28,28,VNS
log_cost,1.5,"274,951,181.64","149,298,971.55","112,605,201.12","13,047,008.97",0.00,2149,16722,44011.33611,5.5618955,120,300,2,5,123,1.2816,1,1,1.5,73068917.94,49845553.53,22881648.82,341715.5898,0,157,-12,-12,VNS
pop_size,40,"201,882,263.70","99,453,418.03","89,723,552.30","12,705,293.38",0.00,1992,16734,44023.33611,0.6698961,40,300,2,5,123,1.2816,1,1,1,0,0,0,0,0,0,0,0,VNS
pop_size,80,"201,882,263.70","99,453,418.03","89,723,552.30","12,705,293.38",0.00,1992,16734,44023.33611,0.7907973,80,300,2,5,123,1.2816,1,1,1,0,0,0,0,0,0,0,0,VNS
pop_size,120,"201,882,263.70","99,453,418.03","89,723,552.30","12,705,293.38",0.00,1992,16734,44023.33611,0.6856311,120,300,2,5,123,1.2816,1,1,1,0,0,0,0,0,0,0,0,VNS
pop_size,160,"201,882,263.70","99,453,418.03","89,723,552.30","12,705,293.38",0.00,1992,16734,44023.33611,0.6247983,160,300,2,5,123,1.2816,1,1,1,0,0,0,0,0,0,0,0,VNS
pop_size,200,"201,882,263.70","99,453,418.03","89,723,552.30","12,705,293.38",0.00,1992,16734,44023.33611,0.5418384,200,300,2,5,123,1.2816,1,1,1,0,0,0,0,0,0,0,0,VNS
iterations,100,"201,882,263.70","99,453,418.03","89,723,552.30","12,705,293.38",0.00,1992,16734,44023.33611,0.6986144,120,100,2,5,123,1.2816,1,1,1,0,0,0,0,0,0,0,0,VNS
iterations,200,"201,882,263.70","99,453,418.03","89,723,552.30","12,705,293.38",0.00,1992,16734,44023.33611,0.6385479,120,200,2,5,123,1.2816,1,1,1,0,0,0,0,0,0,0,0,VNS
iterations,300,"201,882,263.70","99,453,418.03","89,723,552.30","12,705,293.38",0.00,1992,16734,44023.33611,0.6089313,120,300,2,5,123,1.2816,1,1,1,0,0,0,0,0,0,0,0,VNS
iterations,400,"201,882,263.70","99,453,418.03","89,723,552.30","12,705,293.38",0.00,1992,16734,44023.33611,0.4083428,120,400,2,5,123,1.2816,1,1,1,0,0,0,0,0,0,0,0,VNS
iterations,500,"201,882,263.70","99,453,418.03","89,723,552.30","12,705,293.38",0.00,1992,16734,44023.33611,0.3890958,120,500,2,5,123,1.2816,1,1,1,0,0,0,0,0,0,0,0,VNS
neighborhood_kmax,2,"201,882,263.70","99,453,418.03","89,723,552.30","12,705,293.38",0.00,1992,16734,44023.33611,0.4186315,120,300,2,5,123,1.2816,1,1,1,0,0,0,0,0,0,0,0,VNS
neighborhood_kmax,3,"216,568,415.63","100,249,907.70","104,862,962.96","11,455,544.97",0.00,2333,16828,44117.33611,1.2771442,120,300,3,5,123,1.2816,1,1,1,14686151.93,796489.6751,15139410.67,-1249748.41,0,341,94,94,VNS
neighborhood_kmax,5,"224,912,362.87","99,430,041.70","112,392,377.20","13,089,943.97",0.00,2151,16724,44013.33611,9.3574013,120,300,5,5,123,1.2816,1,1,1,23030099.17,-23376.32487,22668824.91,384650.5898,0,159,-10,-10,VNS
neighborhood_kmax,7,"200,812,154.50","100,089,845.70","89,092,154.83","11,630,153.97",0.00,2150,16834,44123.33611,4.5680313,120,300,7,5,123,1.2816,1,1,1,-1070109.206,636427.6751,-631397.4707,-1075139.41,0,158,100,100,VNS
neighborhood_kmax,9,"223,679,560.57","100,457,198.41","111,272,025.16","11,950,337.00",0.00,2456,16730,44019.33611,20.7284353,120,300,9,5,123,1.2816,1,1,1,21797296.87,1003780.388,21548472.86,-754956.3807,0,464,-4,-4,VNS
neighborhood_kmax,11,"223,494,426.52","100,396,017.84","111,275,614.68","11,822,794.00",0.00,2434,16828,44117.33611,34.7731671,120,300,11,5,123,1.2816,1,1,1,21612162.82,942599.8145,21552062.38,-882499.3807,0,442,94,94,VNS
ls_max_iters,2,"225,385,803.07","99,290,973.74","112,739,786.40","13,355,042.92",0.00,1942,16717,44006.33611,36.2522551,120,300,2,2,123,1.2816,1,1,1,23503539.37,-162444.2869,23016234.11,649749.5443,0,-50,-17,-17,VNS
ls_max_iters,5,"201,882,263.70","99,453,418.03","89,723,552.30","12,705,293.38",0.00,1992,16734,44023.33611,13.4848154,120,300,2,5,123,1.2816,1,1,1,0,0,0,0,0,0,0,0,VNS
ls_max_iters,10,"1,000,139,040,753.85","99,639,751.41","27,005,002.44","12,396,000.00","1,000,000,000,000.00",2367,16780,44069.33611,11.1816381,120,300,2,10,123,1.2816,1,1,1,9.99937E+11,186333.3882,-62718549.86,-309293.3807,1E+12,375,46,46,VNS
ls_max_iters,20,"1,000,139,040,753.85","99,639,751.41","27,005,002.44","12,396,000.00","1,000,000,000,000.00",2367,16780,44069.33611,4.8294126,120,300,2,20,123,1.2816,1,1,1,9.99937E+11,186333.3882,-62718549.86,-309293.3807,1E+12,375,46,46,VNS
ls_max_iters,50,"1,000,139,040,753.85","99,639,751.41","27,005,002.44","12,396,000.00","1,000,000,000,000.00",2367,16780,44069.33611,2.9083257,120,300,2,50,123,1.2816,1,1,1,9.99937E+11,186333.3882,-62718549.86,-309293.3807,1E+12,375,46,46,VNS
ls_max_iters,80,"1,000,139,040,753.85","99,639,751.41","27,005,002.44","12,396,000.00","1,000,000,000,000.00",2367,16780,44069.33611,2.9468625,120,300,2,80,123,1.2816,1,1,1,9.99937E+11,186333.3882,-62718549.86,-309293.3807,1E+12,375,46,46,VNS
ls_max_iters,120,"1,000,139,040,753.85","99,639,751.41","27,005,002.44","12,396,000.00","1,000,000,000,000.00",2367,16780,44069.33611,2.9761489,120,300,2,120,123,1.2816,1,1,1,9.99937E+11,186333.3882,-62718549.86,-309293.3807,1E+12,375,46,46,VNS
seed,42,"1,000,145,092,170.76","99,129,710.49","32,999,533.85","12,962,926.43","1,000,000,000,000.00",2022,16773,44062.33611,6.4148805,120,300,2,5,42,1.2816,1,1,1,9.99943E+11,-323707.538,-56724018.44,257633.0456,1E+12,30,39,39,VNS
seed,99,"1,000,143,870,662.18","100,111,820.70","31,183,247.52","12,575,593.97","1,000,000,000,000.00",2244,16737,44026.33611,6.8019801,120,300,2,5,99,1.2816,1,1,1,9.99942E+11,658402.6751,-58540304.78,-129699.4102,1E+12,252,3,3,VNS
seed,123,"201,882,263.70","99,453,418.03","89,723,552.30","12,705,293.38",0.00,1992,16734,44023.33611,0.7918378,120,300,2,5,123,1.2816,1,1,1,0,0,0,0,0,0,0,0,VNS
seed,147,"223,599,837.43","99,787,472.20","111,419,390.26","12,392,974.97",0.00,2422,16732,44021.33611,2.3885691,120,300,2,5,147,1.2816,1,1,1,21717573.72,334054.1751,21695837.96,-312318.4102,0,430,-2,-2,VNS
seed,171,"217,724,903.65","99,347,631.24","105,452,241.49","12,925,030.92",0.00,2207,16751,44040.33611,3.8348149,120,300,2,5,171,1.2816,1,1,1,15842639.95,-105786.7869,15728689.19,219737.5443,0,215,17,17,VNS
